app,year,region,country,downloads,revenue_usd,rpd
identity,Y1,SEA,ID,749563,86461,0.1153
identity,Y1,SEA,VN,937777,83675,0.0892
identity,Y1,SEA,TH,4958111,2943146,0.5936
identity,Y1,SEA,MY,458005,239148,0.5222
identity,Y1,SEA,PH,371208,53006,0.1428
identity,Y1,MENA,IQ,0,0,0
identity,Y1,MENA,SA,99776,5938,0.0595
identity,Y1,MENA,DZ,6814,12,0.0018
identity,Y1,MENA,EG,19661,675,0.0343
identity,Y1,MENA,MA,0,0,0
identity,Y1,LATAM,BR,896343,63305,0.0706
identity,Y1,LATAM,MX,296262,62555,0.2111
identity,Y1,LATAM,PE,26246,5558,0.2118
identity,Y1,LATAM,CO,73611,4295,0.0583
identity,Y1,LATAM,CL,84565,11903,0.1408
identity,Y1,LATAM,AR,111569,3476,0.0312
identity,Y2,SEA,ID,271216,188921,0.6966
identity,Y2,SEA,VN,327116,170073,0.5199
identity,Y2,SEA,TH,1898176,2214939,1.1669
identity,Y2,SEA,MY,251680,393170,1.5622
identity,Y2,SEA,PH,189214,110280,0.5828
identity,Y2,MENA,IQ,0,0,0
identity,Y2,MENA,SA,111239,105392,0.9474
identity,Y2,MENA,DZ,2365,20,0.0085
identity,Y2,MENA,EG,8968,2190,0.2442
identity,Y2,MENA,MA,0,0,0
identity,Y2,LATAM,BR,328371,143638,0.4374
identity,Y2,LATAM,MX,131803,139832,1.0609
identity,Y2,LATAM,PE,14116,10456,0.7407
identity,Y2,LATAM,CO,31154,6350,0.2038
identity,Y2,LATAM,CL,49681,36019,0.725
identity,Y2,LATAM,AR,28869,8158,0.2826
identity,Y3,SEA,ID,86653,141945,1.6381
identity,Y3,SEA,VN,109336,15138,0.1385
identity,Y3,SEA,TH,826132,1849287,2.2385
identity,Y3,SEA,MY,114121,400198,3.5068
identity,Y3,SEA,PH,168202,157353,0.9355
identity,Y3,MENA,IQ,0,0,0
identity,Y3,MENA,SA,90301,293862,3.2542
identity,Y3,MENA,DZ,886,63,0.0711
identity,Y3,MENA,EG,3937,3780,0.9601
identity,Y3,MENA,MA,0,0,0
identity,Y3,LATAM,BR,196264,235386,1.1993
identity,Y3,LATAM,MX,83524,285129,3.4137
identity,Y3,LATAM,PE,7977,20562,2.5777
identity,Y3,LATAM,CO,12601,19862,1.5762
identity,Y3,LATAM,CL,36912,148190,4.0147
identity,Y3,LATAM,AR,10292,18390,1.7868
mlbb,Y1,SEA,ID,8042333,5069197,0.6303
mlbb,Y1,SEA,VN,4200086,91177,0.0217
mlbb,Y1,SEA,TH,5210398,1142846,0.2193
mlbb,Y1,SEA,MY,2939369,6469117,2.2009
mlbb,Y1,SEA,PH,8848250,3224196,0.3644
mlbb,Y1,MENA,IQ,0,0,0
mlbb,Y1,MENA,SA,194299,234423,1.2065
mlbb,Y1,MENA,DZ,87158,922,0.0106
mlbb,Y1,MENA,EG,250485,6111,0.0244
mlbb,Y1,MENA,MA,0,0,0
mlbb,Y1,LATAM,BR,2920327,575164,0.197
mlbb,Y1,LATAM,MX,582689,157755,0.2707
mlbb,Y1,LATAM,PE,60641,12711,0.2096
mlbb,Y1,LATAM,CO,283037,16163,0.0571
mlbb,Y1,LATAM,CL,130557,42038,0.322
mlbb,Y1,LATAM,AR,658069,151629,0.2304
mlbb,Y2,SEA,ID,45734058,22484253,0.4916
mlbb,Y2,SEA,VN,4990391,386395,0.0774
mlbb,Y2,SEA,TH,4706310,1388293,0.295
mlbb,Y2,SEA,MY,5311193,21992980,4.1409
mlbb,Y2,SEA,PH,7293191,9333750,1.2798
mlbb,Y2,MENA,IQ,0,0,0
mlbb,Y2,MENA,SA,540118,743307,1.3762
mlbb,Y2,MENA,DZ,43249,3743,0.0865
mlbb,Y2,MENA,EG,176489,53901,0.3054
mlbb,Y2,MENA,MA,0,0,0
mlbb,Y2,LATAM,BR,1848957,1366454,0.739
mlbb,Y2,LATAM,MX,846014,592007,0.6998
mlbb,Y2,LATAM,PE,120010,65470,0.5455
mlbb,Y2,LATAM,CO,174393,69475,0.3984
mlbb,Y2,LATAM,CL,166543,131161,0.7876
mlbb,Y2,LATAM,AR,697899,389958,0.5588
mlbb,Y3,SEA,ID,30874604,10817284,0.3504
mlbb,Y3,SEA,VN,9377751,344325,0.0367
mlbb,Y3,SEA,TH,4060077,1177212,0.2899
mlbb,Y3,SEA,MY,4478314,21545470,4.8111
mlbb,Y3,SEA,PH,17842176,14645811,0.8209
mlbb,Y3,MENA,IQ,0,0,0
mlbb,Y3,MENA,SA,665304,1543615,2.3202
mlbb,Y3,MENA,DZ,100536,5950,0.0592
mlbb,Y3,MENA,EG,327196,107418,0.3283
mlbb,Y3,MENA,MA,0,0,0
mlbb,Y3,LATAM,BR,2397568,2138505,0.8919
mlbb,Y3,LATAM,MX,1043307,1040331,0.9971
mlbb,Y3,LATAM,PE,228392,139703,0.6117
mlbb,Y3,LATAM,CO,294619,90356,0.3067
mlbb,Y3,LATAM,CL,203934,214215,1.0504
mlbb,Y3,LATAM,AR,779102,408378,0.5242
brawl,Y1,SEA,ID,3916891,776268,0.1982
brawl,Y1,SEA,VN,1290139,187080,0.145
brawl,Y1,SEA,TH,2153194,536989,0.2494
brawl,Y1,SEA,MY,571037,487051,0.8529
brawl,Y1,SEA,PH,1283148,301008,0.2346
brawl,Y1,MENA,IQ,0,0,0
brawl,Y1,MENA,SA,857678,758667,0.8846
brawl,Y1,MENA,DZ,229991,5668,0.0246
brawl,Y1,MENA,EG,534600,61270,0.1146
brawl,Y1,MENA,MA,0,0,0
brawl,Y1,LATAM,BR,14152569,10327200,0.7297
brawl,Y1,LATAM,MX,5242500,3198784,0.6102
brawl,Y1,LATAM,PE,1449331,574870,0.3966
brawl,Y1,LATAM,CO,1286869,190778,0.1482
brawl,Y1,LATAM,CL,2567314,1714828,0.6679
brawl,Y1,LATAM,AR,3013165,630395,0.2092
brawl,Y2,SEA,ID,1312934,399093,0.304
brawl,Y2,SEA,VN,0,0,0
brawl,Y2,SEA,TH,553276,284617,0.5144
brawl,Y2,SEA,MY,461287,454330,0.9849
brawl,Y2,SEA,PH,545758,152025,0.2786
brawl,Y2,MENA,IQ,0,0,0
brawl,Y2,MENA,SA,1044406,894817,0.8568
brawl,Y2,MENA,DZ,189879,7931,0.0418
brawl,Y2,MENA,EG,429555,87293,0.2032
brawl,Y2,MENA,MA,0,0,0
brawl,Y2,LATAM,BR,8804342,7643807,0.8682
brawl,Y2,LATAM,MX,3493862,3446305,0.9864
brawl,Y2,LATAM,PE,1135804,845575,0.7445
brawl,Y2,LATAM,CO,1083781,321879,0.297
brawl,Y2,LATAM,CL,1200734,2171115,1.8082
brawl,Y2,LATAM,AR,1919483,619704,0.3228
brawl,Y3,SEA,ID,951884,399741,0.4199
brawl,Y3,SEA,VN,0,0,0
brawl,Y3,SEA,TH,378690,276613,0.7304
brawl,Y3,SEA,MY,353829,589219,1.6653
brawl,Y3,SEA,PH,544232,187144,0.3439
brawl,Y3,MENA,IQ,0,0,0
brawl,Y3,MENA,SA,1538145,2296473,1.493
brawl,Y3,MENA,DZ,230294,7705,0.0335
brawl,Y3,MENA,EG,393556,121194,0.3079
brawl,Y3,MENA,MA,0,0,0
brawl,Y3,LATAM,BR,6878288,6484618,0.9428
brawl,Y3,LATAM,MX,2933832,4741669,1.6162
brawl,Y3,LATAM,PE,1122983,1048166,0.9334
brawl,Y3,LATAM,CO,877158,468956,0.5346
brawl,Y3,LATAM,CL,866965,3852266,4.4434
brawl,Y3,LATAM,AR,1479208,621420,0.4201
